<?xml version="1.0" encoding="UTF-8"?>
<!DOCTYPE plist PUBLIC "-//Apple//DTD PLIST 1.0//EN" "http://www.apple.com/DTDs/PropertyList-1.0.dtd">
<plist version="1.0">
<dict>
	<key>allowNodeStrokeColorVariation</key>
	<true/>
	<key>backgroundColor</key>
	<string>{0.956000, 0.966000, 0.956000, 1.000000}</string>
	<key>baseSubnode</key>
	<dict>
		<key>shapeStyle</key>
		<dict>
			<key>borderStrokeStyle</key>
			<dict>
				<key>color</key>
				<string>{1.000000, 0.742000, 0.041000, 1.000000}</string>
				<key>dash</key>
				<integer>0</integer>
				<key>width</key>
				<real>2</real>
			</dict>
			<key>fillColor</key>
			<string>{1.000000, 1.000000, 1.000000, 1.000000}</string>
			<key>shapeType</key>
			<integer>0</integer>
		</dict>
		<key>strokeStyle</key>
		<dict>
			<key>color</key>
			<string>{1.000000, 0.742000, 0.041000, 1.000000}</string>
			<key>dash</key>
			<integer>0</integer>
			<key>width</key>
			<real>6</real>
		</dict>
		<key>titleStyle</key>
		<dict>
			<key>alignment</key>
			<integer>0</integer>
			<key>bold</key>
			<false/>
			<key>color</key>
			<string>{0.357000, 0.357000, 0.357000, 1.000000}</string>
			<key>fontName</key>
			<string>HelveticaNeue</string>
			<key>fontSize</key>
			<real>18</real>
			<key>italic</key>
			<false/>
		</dict>
	</dict>
	<key>crossConnections</key>
	<array>
		<dict>
			<key>arrowStyle</key>
			<dict>
				<key>endArrow</key>
				<integer>2</integer>
				<key>startArrow</key>
				<integer>0</integer>
			</dict>
			<key>pathStyle</key>
			<dict>
				<key>strokeStyle</key>
				<dict>
					<key>color</key>
					<string>{0.997000, 0.355000, 0.184000, 1.000000}</string>
					<key>dash</key>
					<integer>3</integer>
					<key>width</key>
					<real>2</real>
				</dict>
			</dict>
			<key>titleStyle</key>
			<dict>
				<key>alignment</key>
				<integer>0</integer>
				<key>bold</key>
				<false/>
				<key>color</key>
				<string>{0.000000, 0.000000, 0.000000, 1.000000}</string>
				<key>fontName</key>
				<string>HelveticaNeue</string>
				<key>fontSize</key>
				<real>14</real>
				<key>italic</key>
				<false/>
				<key>strikethrough</key>
				<false/>
				<key>underline</key>
				<false/>
			</dict>
		</dict>
	</array>
	<key>mainNodes</key>
	<array>
		<dict>
			<key>shapeStyle</key>
			<dict>
				<key>borderStrokeStyle</key>
				<dict>
					<key>color</key>
					<string>{0.965000, 0.965000, 0.965000, 1.000000}</string>
					<key>dash</key>
					<integer>0</integer>
					<key>width</key>
					<real>2</real>
				</dict>
				<key>fillColor</key>
				<string>{1.000000, 1.000000, 1.000000, 1.000000}</string>
				<key>shapeType</key>
				<integer>2</integer>
			</dict>
			<key>strokeStyle</key>
			<dict>
				<key>color</key>
				<string>{0.086000, 0.482000, 0.592000, 1.000000}</string>
				<key>dash</key>
				<integer>0</integer>
				<key>width</key>
				<real>4</real>
			</dict>
			<key>titleStyle</key>
			<dict>
				<key>alignment</key>
				<integer>1</integer>
				<key>bold</key>
				<false/>
				<key>color</key>
				<string>{0.086000, 0.482000, 0.592000, 1.000000}</string>
				<key>fontName</key>
				<string>HelveticaNeue-Light</string>
				<key>fontSize</key>
				<real>21</real>
				<key>italic</key>
				<false/>
			</dict>
		</dict>
	</array>
	<key>subnodeColors</key>
	<array>
		<dict>
			<key>shapeStyle</key>
			<dict>
				<key>borderStrokeStyle</key>
				<dict>
					<key>color</key>
					<string>{0.689, 0.215, 0.952, 1.000}</string>
				</dict>
				<key>fillColor</key>
				<string>{1.000, 1.000, 1.000, 1.000}</string>
			</dict>
			<key>strokeStyle</key>
			<dict>
				<key>color</key>
				<string>{0.689, 0.215, 0.952, 1.000}</string>
			</dict>
			<key>titleStyle</key>
			<dict>
				<key>color</key>
				<string>{0.357, 0.357, 0.357, 1.000}</string>
			</dict>
		</dict>
		<dict>
			<key>shapeStyle</key>
			<dict>
				<key>borderStrokeStyle</key>
				<dict>
					<key>color</key>
					<string>{0.144, 0.670, 1.000, 1.000}</string>
				</dict>
				<key>fillColor</key>
				<string>{1.000, 1.000, 1.000, 1.000}</string>
			</dict>
			<key>strokeStyle</key>
			<dict>
				<key>color</key>
				<string>{0.144, 0.670, 1.000, 1.000}</string>
			</dict>
			<key>titleStyle</key>
			<dict>
				<key>color</key>
				<string>{0.357, 0.357, 0.357, 1.000}</string>
			</dict>
		</dict>
		<dict>
			<key>shapeStyle</key>
			<dict>
				<key>borderStrokeStyle</key>
				<dict>
					<key>color</key>
					<string>{1.000, 0.742, 0.041, 1.000}</string>
				</dict>
				<key>fillColor</key>
				<string>{1.000, 1.000, 1.000, 1.000}</string>
			</dict>
			<key>strokeStyle</key>
			<dict>
				<key>color</key>
				<string>{1.000, 0.742, 0.041, 1.000}</string>
			</dict>
			<key>titleStyle</key>
			<dict>
				<key>color</key>
				<string>{0.357, 0.357, 0.357, 1.000}</string>
			</dict>
		</dict>
		<dict>
			<key>shapeStyle</key>
			<dict>
				<key>borderStrokeStyle</key>
				<dict>
					<key>color</key>
					<string>{0.136, 0.807, 0.880, 1.000}</string>
				</dict>
				<key>fillColor</key>
				<string>{1.000, 1.000, 1.000, 1.000}</string>
			</dict>
			<key>strokeStyle</key>
			<dict>
				<key>color</key>
				<string>{0.136, 0.807, 0.880, 1.000}</string>
			</dict>
			<key>titleStyle</key>
			<dict>
				<key>color</key>
				<string>{0.357, 0.357, 0.357, 1.000}</string>
			</dict>
		</dict>
		<dict>
			<key>shapeStyle</key>
			<dict>
				<key>borderStrokeStyle</key>
				<dict>
					<key>color</key>
					<string>{0.822, 0.084, 0.348, 1.000}</string>
				</dict>
				<key>fillColor</key>
				<string>{1.000, 1.000, 1.000, 1.000}</string>
			</dict>
			<key>strokeStyle</key>
			<dict>
				<key>color</key>
				<string>{0.822, 0.084, 0.348, 1.000}</string>
			</dict>
			<key>titleStyle</key>
			<dict>
				<key>color</key>
				<string>{0.357, 0.357, 0.357, 1.000}</string>
			</dict>
		</dict>
		<dict>
			<key>shapeStyle</key>
			<dict>
				<key>borderStrokeStyle</key>
				<dict>
					<key>color</key>
					<string>{0.194, 0.734, 0.282, 1.000}</string>
				</dict>
				<key>fillColor</key>
				<string>{1.000, 1.000, 1.000, 1.000}</string>
			</dict>
			<key>strokeStyle</key>
			<dict>
				<key>color</key>
				<string>{0.194, 0.734, 0.282, 1.000}</string>
			</dict>
			<key>titleStyle</key>
			<dict>
				<key>color</key>
				<string>{0.357, 0.357, 0.357, 1.000}</string>
			</dict>
		</dict>
	</array>
	<key>subnodeLevels</key>
	<array/>
</dict>
</plist>
